{
  "validation": {
    "loss": 0.008992189541459084,
    "accuracy": 0.996749758720398,
    "precision": 0.996749758720398,
    "recall": 0.996749758720398
  },
  "test": {
    "loss": 0.009280390106141567,
    "accuracy": 0.9980506896972656,
    "precision": 0.9980506896972656,
    "recall": 0.9980506896972656
  }
}