{
  "validation": {
    "loss": 0.05198610574007034,
    "accuracy": 0.9848320484161377,
    "precision": 0.9848155975341797,
    "recall": 0.9837486743927002
  },
  "test": {
    "loss": 0.07796792685985565,
    "accuracy": 0.9824561476707458,
    "precision": 0.982421875,
    "recall": 0.9805068373680115
  }
}